api,avg_latency,min_latency,max_latency
geoapify,1.0079214639797478,0.5876669883728027,4.302682161331177
opencage,0.9380405489094032,0.5896871089935303,1.9620559215545654
