api,avg_latency,min_latency,max_latency
geoapify,1.5693181529141111,0.649590015411377,4.972959041595459
opencage,0.9140336465515546,0.5952680110931396,1.9619050025939941
